マシンコード,起動時間,ERR_CD
111,0,0
111,1,0
111,2,0
111,3,0
111,4,0
111,5,0
111,6,0
111,7,0
111,8,0
111,9,0
111,10,0
111,11,0
111,12,0
111,13,0
111,14,0
111,15,0
111,16,0
111,17,0
111,18,0
111,19,0
111,20,0
111,21,0
111,22,0
111,23,0
111,24,0
111,25,0
111,26,0
111,27,0
111,28,0
111,29,0
111,30,0
111,31,0
111,32,0
111,33,0
111,34,0
111,35,0
111,36,0
111,37,0
111,38,0
111,39,0
111,40,0
111,41,0
111,42,0
111,43,0
111,44,0
111,45,0
111,46,0
111,47,0
111,48,0
111,49,0
111,50,0
111,51,0
111,52,0
111,53,0
111,54,0
111,55,0
111,56,0
111,57,0
111,58,0
111,59,0
111,60,0
111,61,0
111,62,0
111,63,0
111,64,0
111,65,0
111,66,202
111,67,202
111,68,202
111,69,202
111,70,202
111,71,202
111,72,202
111,73,202
111,74,202
111,75,202
111,76,202
111,77,202
111,78,202
111,79,202
111,80,202
111,81,202
111,82,202
111,83,202
111,84,202
111,85,202
111,86,202
111,87,202
111,88,202
111,89,202
111,90,202
111,91,202
111,92,202
111,93,202
111,94,202
111,95,202
111,96,202
111,97,202
111,98,202
111,99,202
111,100,202
111,101,202
111,102,202
111,103,202
111,104,202
111,105,202
111,106,202
111,107,202
111,108,202
111,109,202
111,110,202
111,111,202
111,112,202
111,113,202
111,114,202
111,115,202
111,116,202
111,117,202
111,118,202
111,119,202
111,120,202
111,121,202
111,122,202
111,123,202
111,124,202
111,125,202
111,126,202
111,127,202
111,128,202
111,129,202
111,130,202
111,131,202
111,132,202
111,133,202
111,134,202
111,135,202
111,136,202
111,137,202
111,138,202
111,139,202
111,140,202
111,141,202
111,142,202
111,143,202
111,144,202
111,145,202
111,146,202
111,147,202
111,148,202
111,149,202
111,150,202
111,151,202
111,152,202
111,153,202
111,154,202
111,155,202
111,156,202
111,157,202
111,158,202
111,159,202
111,160,202
111,161,202
111,162,202
111,163,202
111,164,202
111,165,202
111,166,202
1000,0,0
1000,1,0
1000,2,0
1000,3,0
1000,4,0
1000,5,0
1000,6,0
1000,7,0
1000,8,0
1000,9,0
1000,10,0
1000,11,0
1000,12,0
1000,13,0
1000,14,0
1000,15,0
1000,16,0
1000,17,0
1000,18,0
1000,19,0
1000,20,0
1000,21,0
1000,22,0
1000,23,0
1000,24,0
1000,25,0
1000,26,0
1000,27,0
1000,28,0
1000,29,0
1000,30,0
1000,31,0
1000,32,0
1000,33,0
1000,34,0
1000,35,0
1000,36,0
1000,37,0
1000,38,0
1000,39,0
1000,40,0
1000,41,0
1000,42,0
1000,43,0
1000,44,0
1000,45,0
1000,46,0
1000,47,0
1000,48,0
1000,49,0
1000,50,0
1000,51,0
1000,52,0
1000,53,0
1000,54,0
1000,55,0
1000,56,0
1000,57,0
1000,58,0
1000,59,0
1000,60,0
1000,61,0
1000,62,0
1000,63,0
1000,64,0
1000,65,0
1000,66,0
1000,67,0
1000,68,0
1000,69,0
1000,70,0
1000,71,0
1000,72,0
1000,73,0
1000,74,0
1000,75,0
1000,76,0
1000,77,0
1000,78,0
1000,79,0
1000,80,0
1000,81,0
1000,82,0
1000,83,0
1000,84,0
1001,0,0
1001,1,0
1001,2,0
1001,3,0
1001,4,0
1001,5,0
1001,6,0
1001,7,0
1001,8,0
1001,9,0
1001,10,0
1001,11,0
1001,12,0
1001,13,0
1001,14,0
1001,15,0
1001,16,0
1001,17,0
1001,18,0
1001,19,0
1001,20,0
1001,21,0
1001,22,0
1001,23,0
1001,24,0
1001,25,0
1001,26,0
1001,27,0
1001,28,0
1001,29,0
1001,30,0
1001,31,0
1001,32,0
1001,33,0
1001,34,0
1001,35,0
1001,36,0
1001,37,0
1001,38,0
1001,39,0
1001,40,0
1001,41,0
1001,42,0
1001,43,0
1001,44,0
1001,45,0
1001,46,0
1001,47,0
1001,48,0
1001,49,0
1001,50,0
1001,51,0
1001,52,0
1001,53,0
1001,54,0
1001,55,0
1001,56,0
1001,57,0
1001,58,0
1001,59,0
1001,60,0
1001,61,0
1001,62,0
1001,63,0
1001,64,0
1001,65,0
1001,66,0
1001,67,0
1001,68,0
1001,69,0
1001,70,0
1001,71,0
1001,72,0
1001,73,0
1002,0,0
1002,1,0
1002,2,0
1002,3,0
1002,4,0
1002,5,0
1002,6,0
1002,7,0
1002,8,0
1002,9,0
1002,10,0
1002,11,0
1002,12,0
1002,13,0
1002,14,0
1002,15,0
1002,16,0
1002,17,0
1002,18,0
1002,19,0
1002,20,0
1002,21,0
1002,22,0
1002,23,0
1002,24,0
1002,25,0
1002,26,0
1002,27,0
1002,28,0
1002,29,0
1002,30,0
1002,31,0
1002,32,0
1002,33,0
1002,34,0
1002,35,0
1002,36,0
1002,37,0
1002,38,0
1002,39,0
1002,40,0
1002,41,0
1002,42,0
1002,43,0
1002,44,0
1002,45,0
1002,46,0
1002,47,0
1002,48,0
1002,49,0
1002,50,0
1002,51,0
1002,52,0
1002,53,0
1002,54,0
1002,55,0
1002,56,0
1002,57,0
1002,58,0
1002,59,0
1002,60,0
1002,61,0
1002,62,0
1002,63,0
1002,64,0
1003,0,0
1003,1,0
1003,2,0
1003,3,0
1003,4,0
1003,5,0
1003,6,0
1003,7,0
1003,8,0
1003,9,0
1003,10,0
1003,11,0
1003,12,0
1003,13,0
1003,14,0
1003,15,0
1003,16,0
1003,17,0
1003,18,0
1003,19,0
1003,20,0
1003,21,0
1003,22,0
1003,23,0
1003,24,0
1003,25,0
1003,26,0
1003,27,0
1003,28,0
1003,29,0
1003,30,0
1003,31,0
1003,32,0
1003,33,0
1003,34,0
1003,35,0
1003,36,0
1003,37,0
1003,38,0
1003,39,0
1003,40,0
1003,41,0
1003,42,0
1003,43,0
1003,44,0
1003,45,0
1003,46,0
1003,47,0
1003,48,0
1003,49,0
1003,50,0
1003,51,0
1003,52,0
1003,53,0
1003,54,0
1003,55,0
1003,56,0
1003,57,0
1003,58,0
1003,59,0
1003,60,0
1003,61,0
1003,62,0
1003,63,0
1003,64,0
1003,65,0
1003,66,0
1003,67,0
1003,68,0
1003,69,0
1003,70,0
1003,71,0
1004,0,0
1004,1,0
1004,2,0
1004,3,0
1004,4,0
1004,5,0
1004,6,0
1004,7,0
1004,8,0
1004,9,0
1004,10,0
1004,11,0
1004,12,0
1004,13,0
1004,14,0
1004,15,0
1004,16,0
1004,17,0
1004,18,0
1004,19,0
1004,20,0
1004,21,0
1004,22,0
1004,23,0
1004,24,0
1004,25,0
1004,26,0
1004,27,0
1004,28,0
1004,29,0
1004,30,0
1004,31,0
1004,32,0
1004,33,0
1004,34,0
1004,35,0
1004,36,0
1004,37,0
1004,38,0
1004,39,0
1004,40,0
1004,41,0
1004,42,0
1004,43,0
1004,44,0
1004,45,0
1004,46,0
1004,47,0
1004,48,0
1004,49,0
1004,50,0
1004,51,0
1004,52,0
1004,53,0
1004,54,0
1004,55,0
1004,56,0
1004,57,0
1004,58,0
1004,59,0
1004,60,0
1004,61,0
1005,0,0
1005,1,0
1005,2,0
1005,3,0
1005,4,0
1005,5,0
1005,6,0
1005,7,0
1005,8,0
1005,9,0
1005,10,0
1005,11,0
1005,12,0
1005,13,0
1005,14,0
1005,15,0
1005,16,0
1005,17,0
1005,18,0
1005,19,0
1005,20,0
1005,21,0
1005,22,0
1005,23,0
1005,24,0
1005,25,0
1005,26,0
1005,27,0
1005,28,0
1005,29,0
1005,30,0
1005,31,0
1005,32,0
1005,33,0
1005,34,0
1005,35,0
1005,36,0
1005,37,0
1005,38,0
1005,39,0
1005,40,0
1005,41,0
1005,42,0
1005,43,0
1005,44,0
1005,45,0
1005,46,0
1005,47,0
1005,48,0
1005,49,0
1005,50,0
1005,51,0
1005,52,0
1005,53,0
1005,54,0
1005,55,0
1005,56,0
1006,0,0
1006,1,0
1006,2,0
1006,3,0
1006,4,0
1006,5,0
1006,6,0
1006,7,0
1006,8,0
1006,9,0
1006,10,0
1006,11,0
1006,12,0
1006,13,0
1006,14,0
1006,15,0
1006,16,0
1006,17,0
1006,18,0
1006,19,0
1006,20,0
1006,21,0
1006,22,0
1006,23,0
1006,24,0
1006,25,0
1006,26,0
1006,27,0
1006,28,0
1006,29,0
1006,30,0
1006,31,0
1006,32,0
1006,33,0
1006,34,0
1006,35,0
1006,36,0
1006,37,0
1006,38,0
1006,39,0
1006,40,0
1006,41,0
1006,42,0
1006,43,0
1006,44,0
1006,45,0
1006,46,0
1006,47,0
1006,48,0
1006,49,0
1006,50,0
1006,51,0
1006,52,0
1006,53,0
1007,0,0
1007,1,0
1007,2,0
1007,3,0
1007,4,0
1007,5,0
1007,6,0
1007,7,0
1007,8,0
1007,9,0
1007,10,0
1007,11,0
1007,12,0
1007,13,0
1007,14,0
1007,15,0
1007,16,0
1007,17,0
1007,18,0
1007,19,0
1007,20,0
1007,21,0
1007,22,0
1007,23,0
1007,24,0
1007,25,0
1007,26,0
1007,27,0
1007,28,0
1007,29,0
1007,30,0
1007,31,0
1007,32,0
1007,33,0
1007,34,0
1007,35,0
1007,36,0
1007,37,0
1007,38,0
1007,39,0
1007,40,0
1007,41,0
1007,42,0
1007,43,0
1007,44,0
1007,45,0
1007,46,0
1007,47,0
1007,48,0
1007,49,0
1007,50,0
1007,51,0
1007,52,0
1008,0,0
1008,1,0
1008,2,0
1008,3,0
1008,4,0
1008,5,0
1008,6,0
1008,7,0
1008,8,0
1008,9,0
1008,10,0
1008,11,0
1008,12,0
1008,13,0
1008,14,0
1008,15,0
1008,16,0
1008,17,0
1008,18,0
1008,19,0
1008,20,0
1008,21,0
1008,22,0
1008,23,0
1008,24,0
1008,25,0
1008,26,0
1008,27,0
1008,28,0
1008,29,0
1008,30,0
1008,31,0
1008,32,0
1008,33,0
1008,34,0
1008,35,0
1008,36,0
1008,37,0
1008,38,0
1008,39,0
1008,40,0
1008,41,0
1008,42,0
1008,43,0
1008,44,0
1008,45,0
1008,46,0
1008,47,0
1008,48,0
1008,49,0
1008,50,0
1008,51,0
1008,52,0
1008,53,0
1008,54,0
1008,55,0
1008,56,0
1008,57,0
1008,58,0
1008,59,0
1008,60,0
1008,61,0
1008,62,0
1008,63,0
1008,64,0
1008,65,0
1008,66,0
1008,67,0
1009,0,0
1009,1,0
1009,2,0
1009,3,0
1009,4,0
1009,5,0
1009,6,0
1009,7,0
1009,8,0
1009,9,0
1009,10,0
1009,11,0
1009,12,0
1009,13,0
1009,14,0
1009,15,0
1009,16,0
1009,17,0
1009,18,0
1009,19,0
1009,20,0
1009,21,0
1009,22,0
1009,23,0
1009,24,0
1009,25,0
1009,26,0
1009,27,0
1009,28,0
1009,29,0
1009,30,0
1009,31,0
1009,32,0
1009,33,0
1009,34,0
1009,35,0
1009,36,0
1009,37,0
1009,38,0
1009,39,0
1009,40,0
1009,41,0
1009,42,0
1009,43,0
1009,44,0
1009,45,0
1009,46,0
1009,47,0
1009,48,0
1009,49,0
1009,50,0
1009,51,0
1009,52,0
1009,53,0
1009,54,0
1009,55,0
1009,56,0
1009,57,0
1009,58,0
1009,59,0
1009,60,0
1009,61,0
1009,62,0
1009,63,0
1009,64,0
1009,65,0
1009,66,0
1009,67,0
1009,68,0
1009,69,0
1009,70,0
1009,71,0
1009,72,0
1009,73,0
1009,74,0
1009,75,0
1009,76,0
1009,77,0
1009,78,0
1010,0,0
1010,1,0
1010,2,0
1010,3,0
1010,4,0
1010,5,0
1010,6,0
1010,7,0
1010,8,0
1010,9,0
1010,10,0
1010,11,0
1010,12,0
1010,13,0
1010,14,0
1010,15,0
1010,16,0
1010,17,0
1010,18,0
1010,19,0
1010,20,0
1010,21,0
1010,22,0
1010,23,0
1010,24,0
1010,25,0
1010,26,0
1010,27,0
1010,28,0
1010,29,0
1010,30,0
1010,31,0
1010,32,0
1010,33,0
1010,34,0
1010,35,0
1010,36,0
1010,37,0
1010,38,0
1010,39,0
1010,40,0
1010,41,0
1010,42,0
1010,43,0
1010,44,0
1010,45,0
1010,46,0
1010,47,0
1010,48,0
1010,49,0
1010,50,0
1010,51,0
1010,52,0
1010,53,0
1010,54,0
1010,55,0
1010,56,0
1010,57,0
1010,58,0
1010,59,0
1010,60,0
1010,61,0
1010,62,0
1010,63,0
1010,64,0
1010,65,0
1010,66,0
1010,67,0
1010,68,0
1010,69,0
1010,70,0
1010,71,0
1010,72,0
1010,73,0
1010,74,0
1010,75,0
1011,0,0
1011,1,0
1011,2,0
1011,3,0
1011,4,0
1011,5,0
1011,6,0
1011,7,0
1011,8,0
1011,9,0
1011,10,0
1011,11,0
1011,12,0
1011,13,0
1011,14,0
1011,15,0
1011,16,0
1011,17,0
1011,18,0
1011,19,0
1011,20,0
1011,21,0
1011,22,0
1011,23,0
1011,24,0
1011,25,0
1011,26,0
1011,27,0
1011,28,0
1011,29,0
1011,30,0
1011,31,0
1011,32,0
1011,33,0
1011,34,0
1011,35,0
1011,36,0
1011,37,0
1011,38,0
1011,39,0
1011,40,0
1011,41,0
1011,42,0
1011,43,0
1011,44,0
1011,45,0
1011,46,0
1011,47,0
1011,48,0
1011,49,0
1011,50,0
1011,51,0
1011,52,0
1011,53,0
1011,54,0
1011,55,0
1011,56,0
1011,57,0
1011,58,0
1011,59,0
1011,60,0
1011,61,0
1011,62,0
1011,63,0
1011,64,0
1011,65,0
1011,66,0
1011,67,0
1011,68,0
1011,69,0
1011,70,0
1011,71,0
1011,72,0
1011,73,0
1011,74,0
1012,0,0
1012,1,0
1012,2,0
1012,3,0
1012,4,0
1012,5,0
1012,6,0
1012,7,0
1012,8,0
1012,9,0
1012,10,0
1012,11,0
1012,12,0
1012,13,0
1012,14,0
1012,15,0
1012,16,0
1012,17,0
1012,18,0
1012,19,0
1012,20,0
1012,21,0
1012,22,0
1012,23,0
1012,24,0
1012,25,0
1012,26,0
1012,27,0
1012,28,0
1012,29,0
1012,30,0
1012,31,0
1012,32,0
1012,33,0
1012,34,0
1012,35,0
1012,36,0
1012,37,0
1012,38,0
1012,39,0
1012,40,0
1012,41,0
1012,42,0
1012,43,0
1012,44,0
1012,45,0
1012,46,0
1012,47,0
1012,48,0
1012,49,0
1012,50,0
1012,51,0
1012,52,0
1012,53,0
1012,54,0
1012,55,0
1012,56,0
1012,57,0
1012,58,0
1012,59,0
1012,60,0
1012,61,0
1012,62,0
1012,63,0
1012,64,0
1012,65,0
1012,66,0
1012,67,0
1012,68,0
1012,69,0
1012,70,0
1012,71,0
1012,72,0
1012,73,0
1012,74,0
1012,75,0
1012,76,0
1012,77,0
1012,78,0
1012,79,0
1012,80,0
1013,0,0
1013,1,0
1013,2,0
1013,3,0
1013,4,0
1013,5,0
1013,6,0
1013,7,0
1013,8,0
1013,9,0
1013,10,0
1013,11,0
1013,12,0
1013,13,0
1013,14,0
1013,15,0
1013,16,0
1013,17,0
1013,18,0
1013,19,0
1013,20,0
1013,21,0
1013,22,0
1013,23,0
1013,24,0
1013,25,0
1013,26,0
1013,27,0
1013,28,0
1013,29,0
1013,30,0
1013,31,0
1013,32,0
1013,33,0
1013,34,0
1013,35,0
1013,36,0
1013,37,0
1013,38,0
1013,39,0
1013,40,0
1013,41,0
1013,42,0
1013,43,0
1013,44,0
1013,45,0
1013,46,0
1013,47,0
1013,48,0
1013,49,0
1013,50,0
1013,51,0
1013,52,0
1013,53,0
1013,54,0
1013,55,0
1013,56,0
1013,57,0
1013,58,0
1013,59,0
1013,60,0
1013,61,0
1013,62,0
1013,63,0
1013,64,0
1013,65,0
1013,66,0
1013,67,0
1013,68,0
1013,69,0
1013,70,0
1013,71,0
1013,72,0
1013,73,0
1013,74,0
1013,75,0
1013,76,0
1013,77,0
1013,78,0
1013,79,0
1014,0,0
1014,1,0
1014,2,0
1014,3,0
1014,4,0
1014,5,0
1014,6,0
1014,7,0
1014,8,0
1014,9,0
1014,10,0
1014,11,0
1014,12,0
1014,13,0
1014,14,0
1014,15,0
1014,16,0
1014,17,0
1014,18,0
1014,19,0
1014,20,0
1014,21,0
1014,22,0
1014,23,0
1014,24,0
1014,25,0
1014,26,0
1014,27,0
1014,28,0
1014,29,0
1014,30,0
1014,31,0
1014,32,0
1014,33,0
1014,34,0
1014,35,0
1014,36,0
1014,37,0
1014,38,0
1014,39,0
1014,40,0
1014,41,0
1014,42,0
1014,43,0
1014,44,0
1014,45,0
1014,46,0
1014,47,0
1014,48,0
1014,49,0
1014,50,0
1014,51,0
1014,52,0
1014,53,0
1014,54,0
1014,55,0
1014,56,0
1014,57,0
1014,58,0
1014,59,0
1014,60,0
1014,61,0
1014,62,0
1014,63,0
1014,64,0
1014,65,0
1014,66,0
1014,67,0
1014,68,0
1014,69,0
1014,70,0
1014,71,0
1015,0,0
1015,1,0
1015,2,0
1015,3,0
1015,4,0
1015,5,0
1015,6,0
1015,7,0
1015,8,0
1015,9,0
1015,10,0
1015,11,0
1015,12,0
1015,13,0
1015,14,0
1015,15,0
1015,16,0
1015,17,0
1015,18,0
1015,19,0
1015,20,0
1015,21,0
1015,22,0
1015,23,0
1015,24,0
1015,25,0
1015,26,0
1015,27,0
1015,28,0
1015,29,0
1015,30,0
1015,31,0
1015,32,0
1015,33,0
1015,34,0
1015,35,0
1015,36,0
1015,37,0
1015,38,0
1015,39,0
1015,40,0
1015,41,0
1015,42,0
1015,43,0
1015,44,0
1015,45,0
1015,46,0
1015,47,0
1015,48,0
1015,49,0
1015,50,0
1015,51,0
1015,52,0
1015,53,0
1015,54,0
1015,55,0
1015,56,0
1015,57,0
1015,58,0
1015,59,0
1015,60,0
1015,61,0
1015,62,0
1015,63,0
1015,64,0
1015,65,0
1015,66,0
1015,67,0
1015,68,0
1015,69,0
1015,70,0
1015,71,0
1016,0,0
1016,1,0
1016,2,0
1016,3,0
1016,4,0
1016,5,0
1016,6,0
1016,7,0
1016,8,0
1016,9,0
1016,10,0
1016,11,0
1016,12,0
1016,13,0
1016,14,0
1016,15,0
1016,16,0
1016,17,0
1016,18,0
1016,19,0
1016,20,0
1016,21,0
1016,22,0
1016,23,0
1016,24,0
1016,25,0
1016,26,0
1016,27,0
1016,28,0
1016,29,0
1016,30,0
1016,31,0
1016,32,0
1016,33,0
1016,34,0
1016,35,0
1016,36,0
1016,37,0
1016,38,0
1016,39,0
1016,40,0
1016,41,0
1016,42,0
1016,43,0
1016,44,0
1016,45,0
1016,46,0
1016,47,0
1016,48,0
1016,49,0
1016,50,0
1016,51,0
1016,52,0
1016,53,0
1016,54,0
1016,55,0
1016,56,0
1016,57,0
1016,58,0
1016,59,0
1016,60,0
1016,61,0
1016,62,0
1016,63,0
1016,64,0
1016,65,0
1016,66,0
1016,67,0
1016,68,0
1017,0,0
1017,1,0
1017,2,0
1017,3,0
1017,4,0
1017,5,0
1017,6,0
1017,7,0
1017,8,0
1017,9,0
1017,10,0
1017,11,0
1017,12,0
1017,13,0
1017,14,0
1017,15,0
1017,16,0
1017,17,0
1017,18,0
1017,19,0
1017,20,0
1017,21,0
1017,22,0
1017,23,0
1017,24,0
1017,25,0
1017,26,0
1017,27,0
1017,28,0
1017,29,0
1017,30,0
1017,31,0
1017,32,0
1017,33,0
1017,34,0
1017,35,0
1017,36,0
1017,37,0
1017,38,0
1017,39,0
1017,40,0
1017,41,0
1017,42,0
1017,43,0
1017,44,0
1017,45,0
1017,46,0
1017,47,0
1017,48,0
1017,49,0
1017,50,0
1017,51,0
1017,52,0
1017,53,0
1017,54,0
1017,55,0
1017,56,0
1017,57,0
1017,58,0
1017,59,0
1017,60,0
1017,61,0
1017,62,0
1017,63,0
1017,64,0
1017,65,0
1017,66,0
1017,67,0
1017,68,0
1017,69,0
1017,70,0
1017,71,0
1017,72,0
1018,0,0
1018,1,0
1018,2,0
1018,3,0
1018,4,0
1018,5,0
1018,6,0
1018,7,0
1018,8,0
1018,9,0
1018,10,0
1018,11,0
1018,12,0
1018,13,0
1018,14,0
1018,15,0
1018,16,0
1018,17,0
1018,18,0
1018,19,0
1018,20,0
1018,21,0
1018,22,0
1018,23,0
1018,24,0
1018,25,0
1018,26,0
1018,27,0
1018,28,0
1018,29,0
1018,30,0
1018,31,0
1018,32,0
1018,33,0
1018,34,0
1018,35,0
1018,36,0
1018,37,0
1018,38,0
1018,39,0
1018,40,0
1018,41,0
1018,42,0
1018,43,0
1018,44,0
1018,45,0
1018,46,0
1018,47,0
1018,48,0
1018,49,0
1018,50,0
1018,51,0
1018,52,0
1018,53,0
1018,54,0
1018,55,0
1018,56,0
1018,57,0
1018,58,0
1018,59,0
1018,60,0
1018,61,0
1018,62,0
1018,63,0
1018,64,0
1018,65,0
1018,66,0
1019,0,0
1019,1,0
1019,2,0
1019,3,0
1019,4,0
1019,5,0
1019,6,0
1019,7,0
1019,8,0
1019,9,0
1019,10,0
1019,11,0
1019,12,0
1019,13,0
1019,14,0
1019,15,0
1019,16,0
1019,17,0
1019,18,0
1019,19,0
1019,20,0
1019,21,0
1019,22,0
1019,23,0
1019,24,0
1019,25,0
1019,26,0
1019,27,0
1019,28,0
1019,29,0
1019,30,0
1019,31,0
1019,32,0
1019,33,0
1019,34,0
1019,35,0
1019,36,0
1019,37,0
1019,38,0
1019,39,0
1019,40,0
1019,41,0
1019,42,0
1019,43,0
1019,44,0
1019,45,0
1019,46,0
1019,47,0
1019,48,0
1019,49,0
1019,50,0
1019,51,0
1019,52,0
1019,53,0
1019,54,0
1019,55,0
1019,56,0
1019,57,0
1019,58,0
1019,59,0
1019,60,0
1019,61,0
1019,62,0
1019,63,0
1019,64,0
1019,65,0
1019,66,0
1020,0,0
1020,1,0
1020,2,0
1020,3,0
1020,4,0
1020,5,0
1020,6,0
1020,7,0
1020,8,0
1020,9,0
1020,10,0
1020,11,0
1020,12,0
1020,13,0
1020,14,0
1020,15,0
1020,16,0
1020,17,0
1020,18,0
1020,19,0
1020,20,0
1020,21,0
1020,22,0
1020,23,0
1020,24,0
1020,25,0
1020,26,0
1020,27,0
1020,28,0
1020,29,0
1020,30,0
1020,31,0
1020,32,0
1020,33,0
1020,34,0
1020,35,0
1020,36,0
1020,37,0
1020,38,0
1020,39,0
1020,40,0
1020,41,0
1020,42,0
1020,43,0
1020,44,0
1020,45,0
1020,46,0
1020,47,0
1020,48,0
1020,49,0
1020,50,0
1020,51,0
1020,52,0
1020,53,0
1020,54,0
1020,55,0
1020,56,0
1020,57,0
1020,58,0
1020,59,0
1020,60,0
1020,61,0
1020,62,0
1020,63,0
1020,64,0
1020,65,0
1020,66,0
1020,67,0
1020,68,0
1020,69,0
1020,70,0
1020,71,0
1020,72,0
1020,73,0
1020,74,0
1020,75,0
1020,76,0
1020,77,0
1020,78,0
1020,79,0
1020,80,0
1020,81,0
1020,82,0
1020,83,0
1020,84,0
1020,85,0
1020,86,0
1020,87,0
1020,88,0
1020,89,0
1020,90,0
1020,91,0
1020,92,0
1021,0,0
1021,1,0
1021,2,0
1021,3,0
1021,4,0
1021,5,0
1021,6,0
1021,7,0
1021,8,0
1021,9,0
1021,10,0
1021,11,0
1021,12,0
1021,13,0
1021,14,0
1021,15,0
1021,16,0
1021,17,0
1021,18,0
1021,19,0
1021,20,0
1021,21,0
1021,22,0
1021,23,0
1021,24,0
1021,25,0
1021,26,0
1021,27,0
1021,28,0
1021,29,0
1021,30,0
1021,31,0
1021,32,0
1021,33,0
1021,34,0
1021,35,0
1021,36,0
1021,37,0
1021,38,0
1021,39,0
1021,40,0
1021,41,0
1021,42,0
1021,43,0
1021,44,0
1021,45,0
1021,46,0
1021,47,0
1021,48,0
1021,49,0
1021,50,0
1021,51,0
1021,52,0
1021,53,0
1021,54,0
1021,55,0
1021,56,0
1021,57,0
1021,58,0
1021,59,0
1021,60,0
1021,61,0
1021,62,0
1021,63,0
1021,64,0
1021,65,0
1021,66,0
1021,67,0
1021,68,0
1021,69,0
1021,70,0
1021,71,0
1021,72,0
1021,73,0
1021,74,0
1021,75,0
1021,76,0
1021,77,0
1021,78,0
1021,79,0
1021,80,0
1022,0,0
1022,1,0
1022,2,0
1022,3,0
1022,4,0
1022,5,0
1022,6,0
1022,7,0
1022,8,0
1022,9,0
1022,10,0
1022,11,0
1022,12,0
1022,13,0
1022,14,0
1022,15,0
1022,16,0
1022,17,0
1022,18,0
1022,19,0
1022,20,0
1022,21,0
1022,22,0
1022,23,0
1022,24,0
1022,25,0
1022,26,0
1022,27,0
1022,28,0
1022,29,0
1022,30,0
1022,31,0
1022,32,0
1022,33,0
1022,34,0
1022,35,0
1022,36,0
1022,37,0
1022,38,0
1022,39,0
1022,40,0
1022,41,0
1022,42,0
1022,43,0
1022,44,0
1022,45,0
1022,46,0
1022,47,0
1022,48,0
1022,49,0
1022,50,0
1022,51,0
1022,52,0
1022,53,0
1022,54,0
1022,55,0
1022,56,0
1022,57,0
1022,58,0
1022,59,0
1022,60,0
1022,61,0
1022,62,0
1022,63,0
1022,64,0
1022,65,0
1022,66,0
1023,0,0
1023,1,0
1023,2,0
1023,3,0
1023,4,0
1023,5,0
1023,6,0
1023,7,0
1023,8,0
1023,9,0
1023,10,0
1023,11,0
1023,12,0
1023,13,0
1023,14,0
1023,15,0
1023,16,0
1023,17,0
1023,18,0
1023,19,0
1023,20,0
1023,21,0
1023,22,0
1023,23,0
1023,24,0
1023,25,0
1023,26,0
1023,27,0
1023,28,0
1023,29,0
1023,30,0
1023,31,0
1023,32,0
1023,33,0
1023,34,0
1023,35,0
1023,36,0
1023,37,0
1023,38,0
1023,39,0
1023,40,0
1023,41,0
1023,42,0
1023,43,0
1023,44,0
1023,45,0
1023,46,0
1023,47,0
1023,48,0
1023,49,0
1024,0,0
1024,1,0
1024,2,0
1024,3,0
1024,4,0
1024,5,0
1024,6,0
1024,7,0
1024,8,0
1024,9,0
1024,10,0
1024,11,0
1024,12,0
1024,13,0
1024,14,0
1024,15,0
1024,16,0
1024,17,0
1024,18,0
1024,19,0
1024,20,0
1024,21,0
1024,22,0
1024,23,0
1024,24,0
1024,25,0
1024,26,0
1024,27,0
1024,28,0
1024,29,0
1024,30,0
1024,31,0
1024,32,0
1024,33,0
1024,34,0
1024,35,0
1024,36,0
1024,37,0
1024,38,0
1024,39,0
1024,40,0
1024,41,0
1024,42,0
1024,43,0
1024,44,0
1024,45,0
1024,46,0
1024,47,0
1024,48,0
1024,49,0
1024,50,0
1024,51,0
1024,52,0
1024,53,0
1024,54,0
1024,55,0
1024,56,0
1024,57,0
1024,58,0
1024,59,0
1024,60,0
1024,61,0
1024,62,0
1024,63,0
1024,64,0
1024,65,0
1024,66,0
1024,67,0
1024,68,0
1024,69,0
1024,70,0
1024,71,0
1024,72,0
1024,73,0
1025,0,0
1025,1,0
1025,2,0
1025,3,0
1025,4,0
1025,5,0
1025,6,0
1025,7,0
1025,8,0
1025,9,0
1025,10,0
1025,11,0
1025,12,0
1025,13,0
1025,14,0
1025,15,0
1025,16,0
1025,17,0
1025,18,0
1025,19,0
1025,20,0
1025,21,0
1025,22,0
1025,23,0
1025,24,0
1025,25,0
1025,26,0
1025,27,0
1025,28,0
1025,29,0
1025,30,0
1025,31,0
1025,32,0
1025,33,0
1025,34,0
1025,35,0
1025,36,0
1025,37,0
1025,38,0
1025,39,0
1025,40,0
1025,41,0
1025,42,0
1025,43,0
1025,44,0
1025,45,0
1025,46,0
1025,47,0
1025,48,0
1025,49,0
1025,50,0
1025,51,0
1025,52,0
1025,53,0
1025,54,0
1025,55,0
1025,56,0
1025,57,0
1025,58,0
1025,59,0
1025,60,0
1025,61,0
1025,62,0
1025,63,0
1025,64,0
1025,65,0
1025,66,0
1025,67,0
1025,68,0
1025,69,0
1025,70,0
1025,71,0
1025,72,0
1025,73,0
1025,74,0
1025,75,0
1025,76,0
1025,77,0
1025,78,0
1026,0,0
1026,1,0
1026,2,0
1026,3,0
1026,4,0
1026,5,0
1026,6,0
1026,7,0
1026,8,0
1026,9,0
1026,10,0
1026,11,0
1026,12,0
1026,13,0
1026,14,0
1026,15,0
1026,16,0
1026,17,0
1026,18,0
1026,19,0
1026,20,0
1026,21,0
1026,22,0
1026,23,0
1026,24,0
1026,25,0
1026,26,0
1026,27,0
1026,28,0
1026,29,0
1026,30,0
1026,31,0
1026,32,0
1026,33,0
1026,34,0
1026,35,0
1026,36,0
1026,37,0
1026,38,0
1026,39,0
1026,40,0
1026,41,0
1026,42,0
1026,43,0
1026,44,0
1026,45,0
1026,46,0
1026,47,0
1026,48,0
1026,49,0
1026,50,0
1026,51,0
1026,52,0
1026,53,0
1026,54,0
1026,55,0
1026,56,0
1026,57,0
1026,58,0
1026,59,0
1027,0,0
1027,1,0
1027,2,0
1027,3,0
1027,4,0
1027,5,0
1027,6,0
1027,7,0
1027,8,0
1027,9,0
1027,10,0
1027,11,0
1027,12,0
1027,13,0
1027,14,0
1027,15,0
1027,16,0
1027,17,0
1027,18,0
1027,19,0
1027,20,0
1027,21,0
1027,22,0
1027,23,0
1027,24,0
1027,25,0
1027,26,0
1027,27,0
1027,28,0
1027,29,0
1027,30,0
1027,31,0
1027,32,0
1027,33,0
1027,34,0
1027,35,0
1027,36,0
1027,37,0
1027,38,0
1027,39,0
1027,40,0
1027,41,0
1027,42,0
1027,43,0
1027,44,0
1027,45,0
1027,46,0
1027,47,0
1027,48,0
1027,49,0
1027,50,0
1027,51,0
1027,52,0
1027,53,0
1027,54,0
1027,55,0
1028,0,0
1028,1,0
1028,2,0
1028,3,0
1028,4,0
1028,5,0
1028,6,0
1028,7,0
1028,8,0
1028,9,0
1028,10,0
1028,11,0
1028,12,0
1028,13,0
1028,14,0
1028,15,0
1028,16,0
1028,17,0
1028,18,0
1028,19,0
1028,20,0
1028,21,0
1028,22,0
1028,23,0
1028,24,0
1028,25,0
1028,26,0
1028,27,0
1028,28,0
1028,29,0
1028,30,0
1028,31,0
1028,32,0
1028,33,0
1028,34,0
1028,35,0
1028,36,0
1028,37,0
1028,38,0
1028,39,0
1028,40,0
1028,41,0
1028,42,0
1028,43,0
1028,44,0
1028,45,0
1028,46,0
1028,47,0
1028,48,0
1028,49,0
1028,50,0
1028,51,0
1028,52,0
1028,53,0
1028,54,0
1028,55,0
1028,56,0
1028,57,0
1028,58,0
1028,59,0
1028,60,0
1028,61,0
1028,62,0
1028,63,0
1028,64,0
1028,65,0
1028,66,0
1028,67,0
1028,68,0
1028,69,0
1028,70,0
1028,71,0
1028,72,0
1028,73,0
1028,74,0
1028,75,0
1028,76,0
1028,77,0
1028,78,0
1028,79,0
1029,0,0
1029,1,0
1029,2,0
1029,3,0
1029,4,0
1029,5,0
1029,6,0
1029,7,0
1029,8,0
1029,9,0
1029,10,0
1029,11,0
1029,12,0
1029,13,0
1029,14,0
1029,15,0
1029,16,0
1029,17,0
1029,18,0
1029,19,0
1029,20,0
1029,21,0
1029,22,0
1029,23,0
1029,24,0
1029,25,0
1029,26,0
1029,27,0
1029,28,0
1029,29,0
1029,30,0
1029,31,0
1029,32,0
1029,33,0
1029,34,0
1029,35,0
1029,36,0
1029,37,0
1029,38,0
1029,39,0
1029,40,0
1029,41,0
1029,42,0
1029,43,0
1029,44,0
1029,45,0
1029,46,0
1029,47,0
1029,48,0
1029,49,0
1029,50,0
1029,51,0
1029,52,0
1029,53,0
1029,54,0
1029,55,0
1029,56,0
1029,57,0
1029,58,0
1029,59,0
1029,60,0
1030,0,0
1030,1,0
1030,2,0
1030,3,0
1030,4,0
1030,5,0
1030,6,0
1030,7,0
1030,8,0
1030,9,0
1030,10,0
1030,11,0
1030,12,0
1030,13,0
1030,14,0
1030,15,0
1030,16,0
1030,17,0
1030,18,0
1030,19,0
1030,20,0
1030,21,0
1030,22,0
1030,23,0
1030,24,0
1030,25,0
1030,26,0
1030,27,0
1030,28,0
1030,29,0
1030,30,0
1030,31,0
1030,32,0
1030,33,0
1030,34,0
1030,35,0
1030,36,0
1030,37,0
1030,38,0
1030,39,0
1030,40,0
1030,41,0
1030,42,0
1030,43,0
1030,44,0
1030,45,0
1030,46,0
1030,47,0
1030,48,0
1030,49,0
1030,50,0
1030,51,0
1030,52,0
1030,53,0
1030,54,0
1030,55,0
1030,56,0
1030,57,0
1030,58,0
1030,59,0
1030,60,0
1030,61,0
1030,62,0
1030,63,0
1030,64,0
1030,65,0
1030,66,0
1030,67,0
1030,68,0
1030,69,0
1030,70,0
1030,71,0
1030,72,0
1030,73,0
1031,0,0
1031,1,0
1031,2,0
1031,3,0
1031,4,0
1031,5,0
1031,6,0
1031,7,0
1031,8,0
1031,9,0
1031,10,0
1031,11,0
1031,12,0
1031,13,0
1031,14,0
1031,15,0
1031,16,0
1031,17,0
1031,18,0
1031,19,0
1031,20,0
1031,21,0
1031,22,0
1031,23,0
1031,24,0
1031,25,0
1031,26,0
1031,27,0
1031,28,0
1031,29,0
1031,30,0
1031,31,0
1031,32,0
1031,33,0
1031,34,0
1031,35,0
1031,36,0
1031,37,0
1031,38,0
1031,39,0
1031,40,0
1031,41,0
1031,42,0
1031,43,0
1031,44,0
1031,45,0
1031,46,0
1031,47,0
1031,48,0
1031,49,0
1031,50,0
1031,51,0
1031,52,0
1031,53,0
1031,54,0
1031,55,0
1031,56,0
1031,57,0
1031,58,0
1031,59,0
1031,60,0
1031,61,0
1031,62,0
1031,63,0
1031,64,0
1031,65,0
1031,66,0
1032,0,0
1032,1,0
1032,2,0
1032,3,0
1032,4,0
1032,5,0
1032,6,0
1032,7,0
1032,8,0
1032,9,0
1032,10,0
1032,11,0
1032,12,0
1032,13,0
1032,14,0
1032,15,0
1032,16,0
1032,17,0
1032,18,0
1032,19,0
1032,20,0
1032,21,0
1032,22,0
1032,23,0
1032,24,0
1032,25,0
1032,26,0
1032,27,0
1032,28,0
1032,29,0
1032,30,0
1032,31,0
1032,32,0
1032,33,0
1032,34,0
1032,35,0
1032,36,0
1032,37,0
1032,38,0
1032,39,0
1032,40,0
1032,41,0
1032,42,0
1032,43,0
1032,44,0
1032,45,0
1032,46,0
1032,47,0
1032,48,0
1032,49,0
1032,50,0
1032,51,0
1032,52,0
1032,53,0
1032,54,0
1032,55,0
1032,56,0
1032,57,0
1032,58,0
1032,59,0
1032,60,0
1032,61,0
1032,62,0
1032,63,0
1032,64,0
1032,65,0
1032,66,0
1032,67,0
1032,68,0
1033,0,0
1033,1,0
1033,2,0
1033,3,0
1033,4,0
1033,5,0
1033,6,0
1033,7,0
1033,8,0
1033,9,0
1033,10,0
1033,11,0
1033,12,0
1033,13,0
1033,14,0
1033,15,0
1033,16,0
1033,17,0
1033,18,0
1033,19,0
1033,20,0
1033,21,0
1033,22,0
1033,23,0
1033,24,0
1033,25,0
1033,26,0
1033,27,0
1033,28,0
1033,29,0
1033,30,0
1033,31,0
1033,32,0
1033,33,0
1033,34,0
1033,35,0
1033,36,0
1033,37,0
1033,38,0
1033,39,0
1033,40,0
1033,41,0
1033,42,0
1033,43,0
1033,44,0
1033,45,0
1033,46,0
1033,47,0
1033,48,0
1033,49,0
1033,50,0
1033,51,0
1033,52,0
1033,53,0
1033,54,0
1033,55,0
1033,56,0
1033,57,0
1033,58,0
1033,59,0
1033,60,0
1033,61,0
1033,62,0
1033,63,0
1033,64,0
1033,65,0
1033,66,0
1033,67,0
1033,68,0
1033,69,0
1033,70,0
1033,71,0
1033,72,0
1033,73,0
1033,74,0
1033,75,0
1033,76,0
1033,77,0
1033,78,0
1033,79,0
1033,80,0
1033,81,0
1033,82,0
1033,83,0
1034,0,0
1034,1,0
1034,2,0
1034,3,0
1034,4,0
1034,5,0
1034,6,0
1034,7,0
1034,8,0
1034,9,0
1034,10,0
1034,11,0
1034,12,0
1034,13,0
1034,14,0
1034,15,0
1034,16,0
1034,17,0
1034,18,0
1034,19,0
1034,20,0
1034,21,0
1034,22,0
1034,23,0
1034,24,0
1034,25,0
1034,26,0
1034,27,0
1034,28,0
1034,29,0
1034,30,0
1034,31,0
1034,32,0
1034,33,0
1034,34,0
1034,35,0
1034,36,0
1034,37,0
1034,38,0
1034,39,0
1034,40,0
1034,41,0
1034,42,0
1034,43,0
1034,44,0
1034,45,0
1034,46,0
1034,47,0
1034,48,0
1034,49,0
1034,50,0
1034,51,0
1034,52,0
1034,53,0
1034,54,0
1034,55,0
1034,56,0
1034,57,0
1034,58,0
1034,59,0
1034,60,0
1034,61,0
1034,62,0
1034,63,0
1034,64,0
1034,65,0
1034,66,0
1034,67,0
1034,68,0
1034,69,0
1034,70,0
1035,0,0
1035,1,0
1035,2,0
1035,3,0
1035,4,0
1035,5,0
1035,6,0
1035,7,0
1035,8,0
1035,9,0
1035,10,0
1035,11,0
1035,12,0
1035,13,0
1035,14,0
1035,15,0
1035,16,0
1035,17,0
1035,18,0
1035,19,0
1035,20,0
1035,21,0
1035,22,0
1035,23,0
1035,24,0
1035,25,0
1035,26,0
1035,27,0
1035,28,0
1035,29,0
1035,30,0
1035,31,0
1035,32,0
1035,33,0
1035,34,0
1035,35,0
1035,36,0
1035,37,0
1035,38,0
1035,39,0
1035,40,0
1035,41,0
1035,42,0
1035,43,0
1035,44,0
1035,45,0
1035,46,0
1035,47,0
1035,48,0
1035,49,0
1035,50,0
1035,51,0
1035,52,0
1035,53,0
1035,54,0
1035,55,0
1035,56,0
1035,57,0
1035,58,0
1035,59,0
1035,60,0
1035,61,0
1035,62,0
1035,63,0
1036,0,0
1036,1,0
1036,2,0
1036,3,0
1036,4,0
1036,5,0
1036,6,0
1036,7,0
1036,8,0
1036,9,0
1036,10,0
1036,11,0
1036,12,0
1036,13,0
1036,14,0
1036,15,0
1036,16,0
1036,17,0
1036,18,0
1036,19,0
1036,20,0
1036,21,0
1036,22,0
1036,23,0
1036,24,0
1036,25,0
1036,26,0
1036,27,0
1036,28,0
1036,29,0
1036,30,0
1036,31,0
1036,32,0
1036,33,0
1036,34,0
1036,35,0
1036,36,0
1036,37,0
1036,38,0
1036,39,0
1036,40,0
1036,41,0
1036,42,0
1036,43,0
1036,44,0
1036,45,0
1036,46,0
1036,47,0
1036,48,0
1036,49,0
1036,50,0
1036,51,0
1036,52,0
1036,53,0
1036,54,0
1036,55,0
1036,56,0
1036,57,0
1036,58,0
1036,59,0
1036,60,0
1036,61,0
1036,62,0
1036,63,0
1036,64,0
1036,65,0
1036,66,0
1036,67,0
1036,68,0
1036,69,0
1036,70,0
1036,71,0
1036,72,0
1037,0,0
1037,1,0
1037,2,0
1037,3,0
1037,4,0
1037,5,0
1037,6,0
1037,7,0
1037,8,0
1037,9,0
1037,10,0
1037,11,0
1037,12,0
1037,13,0
1037,14,0
1037,15,0
1037,16,0
1037,17,0
1037,18,0
1037,19,0
1037,20,0
1037,21,0
1037,22,0
1037,23,0
1037,24,0
1037,25,0
1037,26,0
1037,27,0
1037,28,0
1037,29,0
1037,30,0
1037,31,0
1037,32,0
1037,33,0
1037,34,0
1037,35,0
1037,36,0
1037,37,0
1037,38,0
1037,39,0
1037,40,0
1037,41,0
1037,42,0
1037,43,0
1037,44,0
1037,45,0
1037,46,0
1037,47,0
1037,48,0
1037,49,0
1037,50,0
1037,51,0
1037,52,0
1037,53,0
1037,54,0
1037,55,0
1037,56,0
1037,57,0
1037,58,0
1037,59,0
1037,60,0
1037,61,0
1038,0,0
1038,1,0
1038,2,0
1038,3,0
1038,4,0
1038,5,0
1038,6,0
1038,7,0
1038,8,0
1038,9,0
1038,10,0
1038,11,0
1038,12,0
1038,13,0
1038,14,0
1038,15,0
1038,16,0
1038,17,0
1038,18,0
1038,19,0
1038,20,0
1038,21,0
1038,22,0
1038,23,0
1038,24,0
1038,25,0
1038,26,0
1038,27,0
1038,28,0
1038,29,0
1038,30,0
1038,31,0
1038,32,0
1038,33,0
1038,34,0
1038,35,0
1038,36,0
1038,37,0
1038,38,0
1038,39,0
1038,40,0
1038,41,0
1038,42,0
1038,43,0
1038,44,0
1038,45,0
1038,46,0
1038,47,0
1038,48,0
1038,49,0
1038,50,0
1038,51,0
1038,52,0
1038,53,0
1038,54,0
1038,55,0
1038,56,0
1038,57,0
1038,58,0
1038,59,0
1038,60,0
1038,61,0
1038,62,0
1038,63,0
1038,64,0
1038,65,0
1038,66,0
1038,67,0
1039,0,0
1039,1,0
1039,2,0
1039,3,0
1039,4,0
1039,5,0
1039,6,0
1039,7,0
1039,8,0
1039,9,0
1039,10,0
1039,11,0
1039,12,0
1039,13,0
1039,14,0
1039,15,0
1039,16,0
1039,17,0
1039,18,0
1039,19,0
1039,20,0
1039,21,0
1039,22,0
1039,23,0
1039,24,0
1039,25,0
1039,26,0
1039,27,0
1039,28,0
1039,29,0
1039,30,0
1039,31,0
1039,32,0
1039,33,0
1039,34,0
1039,35,0
1039,36,0
1039,37,0
1039,38,0
1039,39,0
1039,40,0
1039,41,0
1039,42,0
1039,43,0
1039,44,0
1039,45,0
1039,46,0
1039,47,0
1039,48,0
1039,49,0
1039,50,0
1039,51,0
1039,52,0
1039,53,0
1039,54,0
1039,55,0
1039,56,0
1039,57,0
1039,58,0
1039,59,0
1039,60,0
1039,61,0
1039,62,0
1039,63,0
1039,64,0
1039,65,0
1039,66,0
1039,67,0
1039,68,0
1039,69,0
1039,70,0
1039,71,0
1039,72,0
104,0,0
104,1,0
104,2,0
104,3,0
104,4,0
104,5,0
104,6,0
104,7,0
104,8,0
104,9,0
104,10,0
104,11,0
104,12,0
104,13,0
104,14,0
104,15,0
104,16,0
104,17,0
104,18,0
104,19,0
104,20,0
104,21,0
104,22,0
104,23,0
104,24,0
104,25,0
104,26,0
104,27,0
104,28,0
104,29,0
104,30,0
104,31,0
104,32,0
104,33,0
104,34,0
104,35,0
104,36,0
104,37,0
104,38,101
104,39,101
104,40,101
104,41,101
104,42,101
104,43,101
104,44,101
104,45,101
104,46,101
104,47,101
104,48,101
104,49,101
104,50,101
104,51,101
104,52,101
104,53,101
104,54,101
104,55,101
104,56,101
104,57,101
104,58,101
104,59,101
104,60,101
104,61,101
104,62,101
104,63,101
104,64,101
104,65,101
104,66,101
104,67,101
104,68,101
104,69,101
104,70,101
104,71,101
104,72,101
104,73,101
104,74,101
104,75,101
104,76,101
104,77,101
104,78,101
104,79,101
104,80,101
104,81,101
104,82,101
104,83,101
104,84,101
104,85,101
104,86,101
104,87,101
104,88,101
104,89,101
104,90,101
104,91,101
104,92,101
104,93,101
104,94,101
104,95,101
104,96,101
104,97,101
104,98,101
104,99,101
104,100,101
104,101,101
104,102,101
104,103,101
104,104,101
104,105,101
104,106,101
104,107,101
104,108,101
104,109,101
104,110,101
104,111,101
104,112,101
104,113,101
104,114,101
104,115,101
104,116,101
104,117,101
104,118,101
104,119,101
104,120,101
104,121,101
104,122,101
104,123,101
104,124,101
104,125,101
104,126,101
104,127,101
104,128,101
104,129,101
104,130,101
104,131,101
104,132,101
104,133,101
104,134,101
104,135,101
104,136,101
104,137,101
104,138,101
104,139,101
104,140,101
104,141,101
1040,0,0
1040,1,0
1040,2,0
1040,3,0
1040,4,0
1040,5,0
1040,6,0
1040,7,0
1040,8,0
1040,9,0
1040,10,0
1040,11,0
1040,12,0
1040,13,0
1040,14,0
1040,15,0
1040,16,0
1040,17,0
1040,18,0
1040,19,0
1040,20,0
1040,21,0
1040,22,0
1040,23,0
1040,24,0
1040,25,0
1040,26,0
1040,27,0
1040,28,0
1040,29,0
1040,30,0
1040,31,0
1040,32,0
1040,33,0
1040,34,0
1040,35,0
1040,36,0
1040,37,0
1040,38,0
1040,39,0
1040,40,0
1040,41,0
1040,42,0
1040,43,0
1040,44,0
1040,45,0
1040,46,0
1040,47,0
1040,48,0
1040,49,0
1040,50,0
1040,51,0
1040,52,0
1040,53,0
1040,54,0
1040,55,0
1040,56,0
1040,57,0
1040,58,0
1040,59,0
1040,60,0
1040,61,0
1040,62,0
1040,63,0
1040,64,0
1040,65,0
1040,66,0
1040,67,0
1040,68,0
1040,69,0
1041,0,0
1041,1,0
1041,2,0
1041,3,0
1041,4,0
1041,5,0
1041,6,0
1041,7,0
1041,8,0
1041,9,0
1041,10,0
1041,11,0
1041,12,0
1041,13,0
1041,14,0
1041,15,0
1041,16,0
1041,17,0
1041,18,0
1041,19,0
1041,20,0
1041,21,0
1041,22,0
1041,23,0
1041,24,0
1041,25,0
1041,26,0
1041,27,0
1041,28,0
1041,29,0
1041,30,0
1041,31,0
1041,32,0
1041,33,0
1041,34,0
1041,35,0
1041,36,0
1041,37,0
1041,38,0
1041,39,0
1041,40,0
1041,41,0
1041,42,0
1041,43,0
1041,44,0
1041,45,0
1041,46,0
1041,47,0
1041,48,0
1041,49,0
1041,50,0
1041,51,0
1041,52,0
1041,53,0
1041,54,0
1041,55,0
1041,56,0
1041,57,0
1041,58,0
1041,59,0
1041,60,0
1041,61,0
1041,62,0
1041,63,0
1041,64,0
1041,65,0
1041,66,0
1041,67,0
1041,68,0
1041,69,0
1041,70,0
1042,0,0
1042,1,0
1042,2,0
1042,3,0
1042,4,0
1042,5,0
1042,6,0
1042,7,0
1042,8,0
1042,9,0
1042,10,0
1042,11,0
1042,12,0
1042,13,0
1042,14,0
1042,15,0
1042,16,0
1042,17,0
1042,18,0
1042,19,0
1042,20,0
1042,21,0
1042,22,0
1042,23,0
1042,24,0
1042,25,0
1042,26,0
1042,27,0
1042,28,0
1042,29,0
1042,30,0
1042,31,0
1042,32,0
1042,33,0
1042,34,0
1042,35,0
1042,36,0
1042,37,0
1042,38,0
1042,39,0
1042,40,0
1042,41,0
1042,42,0
1042,43,0
1042,44,0
1042,45,0
1042,46,0
1042,47,0
1042,48,0
1042,49,0
1042,50,0
1042,51,0
1042,52,0
1042,53,0
1042,54,0
1042,55,0
1042,56,0
1042,57,0
1042,58,0
1042,59,0
1042,60,0
1042,61,0
1042,62,0
1042,63,0
1042,64,0
1042,65,0
1042,66,0
1042,67,0
1042,68,0
1043,0,0
1043,1,0
1043,2,0
1043,3,0
1043,4,0
1043,5,0
1043,6,0
1043,7,0
1043,8,0
1043,9,0
1043,10,0
1043,11,0
1043,12,0
1043,13,0
1043,14,0
1043,15,0
1043,16,0
1043,17,0
1043,18,0
1043,19,0
1043,20,0
1043,21,0
1043,22,0
1043,23,0
1043,24,0
1043,25,0
1043,26,0
1043,27,0
1043,28,0
1043,29,0
1043,30,0
1043,31,0
1043,32,0
1043,33,0
1043,34,0
1043,35,0
1043,36,0
1043,37,0
1043,38,0
1043,39,0
1043,40,0
1043,41,0
1043,42,0
1043,43,0
1043,44,0
1043,45,0
1043,46,0
1043,47,0
1043,48,0
1043,49,0
1043,50,0
1043,51,0
1043,52,0
1043,53,0
1043,54,0
1043,55,0
1043,56,0
1043,57,0
1043,58,0
1043,59,0
1043,60,0
1044,0,0
1044,1,0
1044,2,0
1044,3,0
1044,4,0
1044,5,0
1044,6,0
1044,7,0
1044,8,0
1044,9,0
1044,10,0
1044,11,0
1044,12,0
1044,13,0
1044,14,0
1044,15,0
1044,16,0
1044,17,0
1044,18,0
1044,19,0
1044,20,0
1044,21,0
1044,22,0
1044,23,0
1044,24,0
1044,25,0
1044,26,0
1044,27,0
1044,28,0
1044,29,0
1044,30,0
1044,31,0
1044,32,0
1044,33,0
1044,34,0
1044,35,0
1044,36,0
1044,37,0
1044,38,0
1044,39,0
1044,40,0
1044,41,0
1044,42,0
1044,43,0
1044,44,0
1044,45,0
1044,46,0
1044,47,0
1044,48,0
1044,49,0
1044,50,0
1044,51,0
1044,52,0
1044,53,0
1044,54,0
1044,55,0
1044,56,0
1044,57,0
1044,58,0
1044,59,0
1044,60,0
1044,61,0
1044,62,0
1044,63,0
1045,0,0
1045,1,0
1045,2,0
1045,3,0
1045,4,0
1045,5,0
1045,6,0
1045,7,0
1045,8,0
1045,9,0
1045,10,0
1045,11,0
1045,12,0
1045,13,0
1045,14,0
1045,15,0
1045,16,0
1045,17,0
1045,18,0
1045,19,0
1045,20,0
1045,21,0
1045,22,0
1045,23,0
1045,24,0
1045,25,0
1045,26,0
1045,27,0
1045,28,0
1045,29,0
1045,30,0
1045,31,0
1045,32,0
1045,33,0
1045,34,0
1045,35,0
1045,36,0
1045,37,0
1045,38,0
1045,39,0
1045,40,0
1045,41,0
1045,42,0
1045,43,0
1045,44,0
1045,45,0
1045,46,0
1045,47,0
1045,48,0
1045,49,0
1045,50,0
1045,51,0
1045,52,0
1045,53,0
1045,54,0
1045,55,0
1045,56,0
1045,57,0
1045,58,0
1046,0,0
1046,1,0
1046,2,0
1046,3,0
1046,4,0
1046,5,0
1046,6,0
1046,7,0
1046,8,0
1046,9,0
1046,10,0
1046,11,0
1046,12,0
1046,13,0
1046,14,0
1046,15,0
1046,16,0
1046,17,0
1046,18,0
1046,19,0
1046,20,0
1046,21,0
1046,22,0
1046,23,0
1046,24,0
1046,25,0
1046,26,0
1046,27,0
1046,28,0
1046,29,0
1046,30,0
1046,31,0
1046,32,0
1046,33,0
1046,34,0
1046,35,0
1046,36,0
1046,37,0
1046,38,0
1046,39,0
1046,40,0
1046,41,0
1046,42,0
1046,43,0
1046,44,0
1046,45,0
1046,46,0
1046,47,0
1046,48,0
1046,49,0
1046,50,0
1046,51,0
1046,52,0
1046,53,0
1046,54,0
1046,55,0
1046,56,0
1046,57,0
1046,58,0
1046,59,0
1046,60,0
1046,61,0
1046,62,0
1046,63,0
1046,64,0
1046,65,0
1046,66,0
1046,67,0
1046,68,0
1046,69,0
1046,70,0
1046,71,0
1046,72,0
1046,73,0
1046,74,0
1046,75,0
1046,76,0
1046,77,0
1046,78,0
1046,79,0
1046,80,0
1047,0,0
1047,1,0
1047,2,0
1047,3,0
1047,4,0
1047,5,0
1047,6,0
1047,7,0
1047,8,0
1047,9,0
1047,10,0
1047,11,0
1047,12,0
1047,13,0
1047,14,0
1047,15,0
1047,16,0
1047,17,0
1047,18,0
1047,19,0
1047,20,0
1047,21,0
1047,22,0
1047,23,0
1047,24,0
1047,25,0
1047,26,0
1047,27,0
1047,28,0
1047,29,0
1047,30,0
1047,31,0
1047,32,0
1047,33,0
1047,34,0
1047,35,0
1047,36,0
1047,37,0
1047,38,0
1047,39,0
1047,40,0
1047,41,0
1047,42,0
1047,43,0
1047,44,0
1047,45,0
1047,46,0
1047,47,0
1047,48,0
1047,49,0
1047,50,0
1047,51,0
1047,52,0
1047,53,0
1047,54,0
1047,55,0
1047,56,0
1047,57,0
1047,58,0
1047,59,0
1047,60,0
1047,61,0
1047,62,0
1047,63,0
1047,64,0
1047,65,0
1047,66,0
1047,67,0
1047,68,0
1047,69,0
1047,70,0
1047,71,0
1047,72,0
1047,73,0
1047,74,0
1047,75,0
1047,76,0
1047,77,0
1047,78,0
1048,0,0
1048,1,0
1048,2,0
1048,3,0
1048,4,0
1048,5,0
1048,6,0
1048,7,0
1048,8,0
1048,9,0
1048,10,0
1048,11,0
1048,12,0
1048,13,0
1048,14,0
1048,15,0
1048,16,0
1048,17,0
1048,18,0
1048,19,0
1048,20,0
1048,21,0
1048,22,0
1048,23,0
1048,24,0
1048,25,0
1048,26,0
1048,27,0
1048,28,0
1048,29,0
1048,30,0
1048,31,0
1048,32,0
1048,33,0
1048,34,0
1048,35,0
1048,36,0
1048,37,0
1048,38,0
1048,39,0
1048,40,0
1048,41,0
1048,42,0
1048,43,0
1048,44,0
1048,45,0
1048,46,0
1048,47,0
1048,48,0
1048,49,0
1048,50,0
1048,51,0
1048,52,0
1048,53,0
1048,54,0
1048,55,0
1048,56,0
1048,57,0
1048,58,0
1048,59,0
1048,60,0
1048,61,0
1048,62,0
1048,63,0
1048,64,0
1048,65,0
1048,66,0
1048,67,0
1048,68,0
1048,69,0
1048,70,0
1048,71,0
1048,72,0
1048,73,0
1048,74,0
1048,75,0
1048,76,0
1048,77,0
1048,78,0
1048,79,0
1049,0,0
1049,1,0
1049,2,0
1049,3,0
1049,4,0
1049,5,0
1049,6,0
1049,7,0
1049,8,0
1049,9,0
1049,10,0
1049,11,0
1049,12,0
1049,13,0
1049,14,0
1049,15,0
1049,16,0
1049,17,0
1049,18,0
1049,19,0
1049,20,0
1049,21,0
1049,22,0
1049,23,0
1049,24,0
1049,25,0
1049,26,0
1049,27,0
1049,28,0
1049,29,0
1049,30,0
1049,31,0
1049,32,0
1049,33,0
1049,34,0
1049,35,0
1049,36,0
1049,37,0
1049,38,0
1049,39,0
1049,40,0
1049,41,0
1049,42,0
1049,43,0
1049,44,0
1049,45,0
1049,46,0
1049,47,0
1049,48,0
1049,49,0
1049,50,0
1049,51,0
1049,52,0
1049,53,0
1049,54,0
1049,55,0
1049,56,0
1049,57,0
1049,58,0
127,0,0
127,1,0
127,2,0
127,3,0
127,4,0
127,5,0
127,6,0
127,7,0
127,8,0
127,9,0
127,10,0
127,11,0
127,12,0
127,13,0
127,14,0
127,15,0
127,16,0
127,17,0
127,18,0
127,19,0
127,20,0
127,21,0
127,22,0
127,23,0
127,24,0
127,25,0
127,26,0
127,27,0
127,28,0
127,29,0
127,30,0
127,31,0
127,32,0
127,33,0
127,34,0
127,35,0
127,36,0
127,37,0
127,38,0
127,39,0
127,40,0
127,41,0
127,42,0
127,43,0
127,44,0
127,45,0
127,46,0
127,47,101
127,48,101
127,49,101
127,50,101
127,51,101
127,52,101
127,53,101
127,54,101
127,55,101
127,56,101
127,57,101
127,58,101
127,59,101
127,60,101
127,61,101
127,62,101
127,63,101
127,64,101
127,65,101
127,66,101
127,67,101
127,68,101
127,69,101
127,70,101
127,71,101
127,72,101
127,73,101
127,74,101
127,75,101
127,76,101
127,77,101
127,78,101
127,79,101
127,80,101
127,81,101
127,82,101
127,83,101
127,84,101
127,85,101
127,86,101
127,87,101
127,88,101
127,89,101
127,90,101
127,91,101
127,92,101
127,93,101
127,94,101
127,95,101
127,96,101
127,97,101
127,98,101
127,99,101
127,100,101
127,101,101
127,102,101
127,103,101
127,104,101
127,105,101
127,106,101
127,107,101
127,108,101
127,109,101
127,110,101
127,111,101
127,112,101
127,113,101
127,114,101
127,115,101
127,116,101
127,117,101
127,118,101
127,119,101
127,120,101
127,121,101
127,122,101
127,123,101
127,124,101
127,125,101
127,126,101
127,127,101
127,128,101
127,129,101
127,130,101
127,131,101
127,132,101
127,133,101
127,134,101
127,135,101
127,136,101
127,137,101
127,138,101
127,139,101
127,140,101
127,141,101
127,142,101
127,143,101
127,144,101
127,145,101
127,146,101
127,147,101
127,148,101
127,149,101
127,150,101
127,151,101
127,152,101
127,153,101
127,154,101
127,155,101
127,156,101
127,157,101
127,158,101
127,159,101
127,160,101
127,161,101
127,162,101
127,163,101
127,164,101
127,165,101
127,166,101
127,167,101
127,168,101
127,169,101
127,170,101
127,171,101
127,172,101
127,173,101
127,174,101
127,175,101
127,176,101
127,177,101
127,178,101
127,179,101
127,180,101
127,181,101
127,182,101
127,183,101
127,184,101
127,185,101
127,186,101
127,187,101
127,188,101
127,189,101
127,190,101
127,191,101
127,192,101
127,193,101
127,194,101
127,195,101
127,196,101
127,197,101
143,0,0
143,1,0
143,2,0
143,3,0
143,4,0
143,5,0
143,6,0
143,7,0
143,8,0
143,9,0
143,10,0
143,11,0
143,12,0
143,13,0
143,14,0
143,15,0
143,16,0
143,17,0
143,18,0
143,19,0
143,20,0
143,21,0
143,22,0
143,23,0
143,24,0
143,25,0
143,26,0
143,27,0
143,28,0
143,29,0
143,30,0
143,31,0
143,32,0
143,33,0
143,34,0
143,35,0
143,36,0
143,37,0
143,38,0
143,39,0
143,40,0
143,41,0
143,42,0
143,43,0
143,44,0
143,45,0
143,46,0
143,47,0
143,48,0
143,49,0
143,50,0
143,51,0
143,52,0
143,53,0
143,54,0
143,55,0
143,56,0
143,57,0
143,58,0
143,59,0
143,60,0
143,61,202
143,62,202
143,63,202
143,64,202
143,65,202
143,66,202
143,67,202
143,68,202
143,69,202
143,70,202
143,71,202
143,72,202
143,73,202
143,74,202
143,75,202
143,76,202
143,77,202
143,78,202
143,79,202
143,80,202
143,81,202
143,82,202
143,83,202
143,84,202
143,85,202
143,86,202
143,87,202
143,88,202
143,89,202
143,90,202
143,91,202
143,92,202
143,93,202
143,94,202
143,95,202
143,96,202
143,97,202
143,98,202
143,99,202
143,100,202
143,101,202
143,102,202
143,103,202
143,104,202
143,105,202
143,106,202
143,107,202
143,108,202
143,109,202
143,110,202
143,111,202
143,112,202
143,113,202
143,114,202
143,115,202
143,116,202
143,117,202
143,118,202
143,119,202
143,120,202
143,121,202
143,122,202
143,123,202
143,124,202
143,125,202
143,126,202
143,127,202
143,128,202
143,129,202
143,130,202
143,131,202
143,132,202
143,133,202
143,134,202
143,135,202
143,136,202
143,137,202
143,138,202
143,139,202
143,140,202
143,141,202
143,142,202
143,143,202
143,144,202
143,145,202
143,146,202
143,147,202
143,148,202
143,149,202
143,150,202
143,151,202
143,152,202
143,153,202
143,154,202
143,155,202
143,156,202
143,157,202
143,158,202
143,159,202
143,160,202
143,161,202
143,162,202
143,163,202
143,164,202
143,165,202
143,166,202
143,167,202
143,168,202
143,169,202
143,170,202
143,171,202
143,172,202
143,173,202
143,174,202
143,175,202
143,176,202
143,177,202
143,178,202
143,179,202
143,180,202
143,181,202
143,182,202
188,0,0
188,1,0
188,2,0
188,3,0
188,4,0
188,5,0
188,6,0
188,7,0
188,8,0
188,9,0
188,10,0
188,11,0
188,12,0
188,13,0
188,14,0
188,15,0
188,16,0
188,17,0
188,18,0
188,19,0
188,20,0
188,21,0
188,22,0
188,23,0
188,24,0
188,25,0
188,26,0
188,27,0
188,28,0
188,29,0
188,30,0
188,31,0
188,32,0
188,33,0
188,34,0
188,35,0
188,36,0
188,37,0
188,38,0
188,39,0
188,40,0
188,41,0
188,42,0
188,43,0
188,44,0
188,45,0
188,46,0
188,47,0
188,48,0
188,49,0
188,50,0
188,51,0
188,52,0
188,53,0
188,54,0
188,55,0
188,56,202
188,57,202
188,58,202
188,59,202
188,60,202
188,61,202
188,62,202
188,63,202
188,64,202
188,65,202
188,66,202
188,67,202
188,68,202
188,69,202
188,70,202
188,71,202
188,72,202
188,73,202
188,74,202
188,75,202
188,76,202
188,77,202
188,78,202
188,79,202
188,80,202
188,81,202
188,82,202
188,83,202
188,84,202
188,85,202
188,86,202
188,87,202
188,88,202
188,89,202
188,90,202
188,91,202
188,92,202
188,93,202
188,94,202
188,95,202
188,96,202
188,97,202
188,98,202
188,99,202
188,100,202
188,101,202
188,102,202
188,103,202
188,104,202
188,105,202
188,106,202
188,107,202
188,108,202
188,109,202
188,110,202
188,111,202
188,112,202
188,113,202
188,114,202
188,115,202
188,116,202
188,117,202
188,118,202
188,119,202
188,120,202
188,121,202
188,122,202
188,123,202
188,124,202
188,125,202
188,126,202
188,127,202
188,128,202
188,129,202
188,130,202
188,131,202
188,132,202
188,133,202
188,134,202
188,135,202
188,136,202
188,137,202
188,138,202
188,139,202
188,140,202
188,141,202
188,142,202
188,143,202
188,144,202
188,145,202
188,146,202
188,147,202
188,148,202
188,149,202
188,150,202
188,151,202
188,152,202
188,153,202
188,154,202
188,155,202
188,156,202
188,157,202
188,158,202
188,159,202
188,160,202
204,0,0
204,1,0
204,2,0
204,3,0
204,4,0
204,5,0
204,6,0
204,7,0
204,8,0
204,9,0
204,10,0
204,11,0
204,12,0
204,13,0
204,14,0
204,15,0
204,16,0
204,17,0
204,18,0
204,19,0
204,20,0
204,21,0
204,22,0
204,23,0
204,24,0
204,25,0
204,26,0
204,27,0
204,28,0
204,29,0
204,30,0
204,31,0
204,32,101
204,33,101
204,34,101
204,35,101
204,36,101
204,37,101
204,38,101
204,39,101
204,40,101
204,41,101
204,42,101
204,43,101
204,44,101
204,45,101
204,46,101
204,47,101
204,48,101
204,49,101
204,50,101
204,51,101
204,52,101
204,53,101
204,54,101
204,55,101
204,56,101
204,57,101
204,58,101
204,59,101
204,60,101
204,61,101
204,62,101
204,63,101
204,64,101
204,65,101
204,66,101
204,67,101
204,68,101
204,69,101
204,70,101
204,71,101
204,72,101
204,73,101
204,74,101
204,75,101
204,76,101
204,77,101
204,78,101
204,79,101
204,80,101
204,81,101
204,82,101
204,83,101
204,84,101
204,85,101
204,86,101
204,87,101
204,88,101
209,0,0
209,1,0
209,2,0
209,3,0
209,4,0
209,5,0
209,6,0
209,7,0
209,8,0
209,9,0
209,10,0
209,11,0
209,12,0
209,13,0
209,14,0
209,15,0
209,16,0
209,17,0
209,18,0
209,19,0
209,20,0
209,21,0
209,22,0
209,23,0
209,24,0
209,25,0
209,26,0
209,27,0
209,28,0
209,29,0
209,30,0
209,31,0
209,32,0
209,33,0
209,34,0
209,35,0
209,36,0
209,37,0
209,38,0
209,39,0
209,40,0
209,41,0
209,42,0
209,43,0
209,44,0
209,45,0
209,46,0
209,47,0
209,48,0
209,49,0
209,50,0
209,51,0
209,52,0
209,53,0
209,54,0
209,55,0
209,56,0
209,57,0
209,58,0
209,59,0
209,60,0
209,61,0
209,62,0
209,63,0
209,64,0
209,65,101
209,66,101
209,67,101
209,68,101
209,69,101
209,70,101
209,71,101
209,72,101
209,73,101
209,74,101
209,75,101
209,76,101
209,77,101
209,78,101
209,79,101
209,80,101
209,81,101
209,82,101
209,83,101
209,84,101
209,85,101
209,86,101
209,87,101
209,88,101
209,89,101
209,90,101
209,91,101
209,92,101
209,93,101
209,94,101
209,95,101
209,96,101
209,97,101
209,98,101
209,99,101
209,100,101
209,101,101
209,102,101
209,103,101
209,104,101
209,105,101
209,106,101
209,107,101
209,108,101
209,109,101
209,110,101
209,111,101
209,112,101
209,113,101
209,114,101
209,115,101
209,116,101
209,117,101
209,118,101
209,119,101
209,120,101
209,121,101
209,122,101
209,123,101
209,124,101
209,125,101
209,126,101
209,127,101
209,128,101
209,129,101
209,130,101
209,131,101
209,132,101
209,133,101
209,134,101
209,135,101
209,136,101
209,137,101
209,138,101
209,139,101
209,140,101
209,141,101
209,142,101
209,143,101
209,144,101
209,145,101
209,146,101
209,147,101
209,148,101
209,149,101
209,150,101
209,151,101
209,152,101
209,153,101
209,154,101
209,155,101
209,156,101
209,157,101
209,158,101
209,159,101
209,160,101
209,161,101
209,162,101
209,163,101
209,164,101
209,165,101
209,166,101
209,167,101
209,168,101
209,169,101
209,170,101
209,171,101
209,172,101
209,173,101
209,174,101
209,175,101
209,176,101
209,177,101
209,178,101
209,179,101
209,180,101
209,181,101
209,182,101
209,183,101
209,184,101
209,185,101
209,186,101
209,187,101
209,188,101
209,189,101
209,190,101
209,191,101
209,192,101
209,193,101
209,194,101
209,195,101
209,196,101
209,197,101
209,198,101
209,199,101
209,200,101
209,201,101
209,202,101
209,203,101
229,0,0
229,1,0
229,2,0
229,3,0
229,4,0
229,5,0
229,6,0
229,7,0
229,8,0
229,9,0
229,10,0
229,11,0
229,12,0
229,13,0
229,14,0
229,15,0
229,16,0
229,17,0
229,18,0
229,19,0
229,20,0
229,21,0
229,22,0
229,23,0
229,24,0
229,25,0
229,26,0
229,27,0
229,28,0
229,29,0
229,30,0
229,31,0
229,32,0
229,33,0
229,34,0
229,35,0
229,36,0
229,37,0
229,38,0
229,39,0
229,40,0
229,41,0
229,42,0
229,43,0
229,44,0
229,45,0
229,46,0
229,47,0
229,48,202
229,49,202
229,50,202
229,51,202
229,52,202
229,53,202
229,54,202
229,55,202
229,56,202
229,57,202
229,58,202
229,59,202
229,60,202
229,61,202
229,62,202
229,63,202
229,64,202
229,65,202
229,66,202
229,67,202
229,68,202
229,69,202
229,70,202
229,71,202
229,72,202
229,73,202
229,74,202
229,75,202
229,76,202
229,77,202
229,78,202
229,79,202
229,80,202
229,81,202
229,82,202
229,83,202
229,84,202
229,85,202
229,86,202
229,87,202
229,88,202
229,89,202
229,90,202
229,91,202
229,92,202
229,93,202
229,94,202
229,95,202
229,96,202
229,97,202
229,98,202
229,99,202
229,100,202
229,101,202
229,102,202
229,103,202
229,104,202
229,105,202
229,106,202
229,107,202
229,108,202
229,109,202
229,110,202
229,111,202
229,112,202
229,113,202
229,114,202
229,115,202
229,116,202
229,117,202
229,118,202
229,119,202
229,120,202
229,121,202
229,122,202
229,123,202
229,124,202
229,125,202
229,126,202
229,127,202
229,128,202
229,129,202
229,130,202
229,131,202
229,132,202
229,133,202
229,134,202
229,135,202
229,136,202
229,137,202
229,138,202
229,139,202
229,140,202
229,141,202
229,142,202
229,143,202
229,144,202
229,145,202
229,146,202
229,147,202
229,148,202
229,149,202
229,150,202
229,151,202
229,152,202
229,153,202
229,154,202
238,0,0
238,1,0
238,2,0
238,3,0
238,4,0
238,5,0
238,6,0
238,7,0
238,8,0
238,9,0
238,10,0
238,11,0
238,12,0
238,13,0
238,14,0
238,15,0
238,16,0
238,17,0
238,18,0
238,19,0
238,20,0
238,21,0
238,22,0
238,23,0
238,24,0
238,25,0
238,26,0
238,27,0
238,28,0
238,29,0
238,30,0
238,31,0
238,32,0
238,33,0
238,34,0
238,35,0
238,36,0
238,37,0
238,38,0
238,39,0
238,40,0
238,41,0
238,42,0
238,43,0
238,44,0
238,45,0
238,46,0
238,47,0
238,48,202
238,49,202
238,50,202
238,51,202
238,52,202
238,53,202
238,54,202
238,55,202
238,56,202
238,57,202
238,58,202
238,59,202
238,60,202
238,61,202
238,62,202
238,63,202
238,64,202
238,65,202
238,66,202
238,67,202
238,68,202
238,69,202
238,70,202
238,71,202
238,72,202
238,73,202
238,74,202
238,75,202
238,76,202
238,77,202
238,78,202
238,79,202
238,80,202
238,81,202
238,82,202
238,83,202
238,84,202
238,85,202
238,86,202
238,87,202
238,88,202
238,89,202
238,90,202
238,91,202
238,92,202
238,93,202
238,94,202
238,95,202
238,96,202
238,97,202
238,98,202
238,99,202
238,100,202
238,101,202
238,102,202
238,103,202
238,104,202
238,105,202
238,106,202
238,107,202
238,108,202
238,109,202
238,110,202
238,111,202
238,112,202
238,113,202
238,114,202
238,115,202
238,116,202
238,117,202
238,118,202
238,119,202
238,120,202
238,121,202
238,122,202
238,123,202
238,124,202
238,125,202
238,126,202
238,127,202
238,128,202
238,129,202
238,130,202
238,131,202
238,132,202
238,133,202
238,134,202
238,135,202
238,136,202
238,137,202
238,138,202
238,139,202
238,140,202
238,141,202
238,142,202
238,143,202
238,144,202
238,145,202
238,146,202
238,147,202
238,148,202
238,149,202
238,150,202
238,151,202
238,152,202
238,153,202
238,154,202
238,155,202
238,156,202
238,157,202
238,158,202
238,159,202
238,160,202
238,161,202
238,162,202
238,163,202
238,164,202
238,165,202
238,166,202
238,167,202
238,168,202
238,169,202
238,170,202
238,171,202
238,172,202
238,173,202
238,174,202
238,175,202
238,176,202
238,177,202
238,178,202
238,179,202
238,180,202
238,181,202
238,182,202
238,183,202
238,184,202
238,185,202
238,186,202
268,0,0
268,1,0
268,2,0
268,3,0
268,4,0
268,5,0
268,6,0
268,7,0
268,8,0
268,9,0
268,10,0
268,11,0
268,12,0
268,13,0
268,14,0
268,15,0
268,16,0
268,17,0
268,18,0
268,19,0
268,20,0
268,21,0
268,22,0
268,23,0
268,24,0
268,25,0
268,26,0
268,27,0
268,28,0
268,29,0
268,30,0
268,31,0
268,32,0
268,33,0
268,34,0
268,35,0
268,36,0
268,37,0
268,38,0
268,39,0
268,40,0
268,41,0
268,42,0
268,43,0
268,44,0
268,45,0
268,46,0
268,47,0
268,48,0
268,49,0
268,50,0
268,51,0
268,52,0
268,53,0
268,54,0
268,55,0
268,56,0
268,57,0
268,58,0
268,59,0
268,60,0
268,61,0
268,62,0
268,63,0
268,64,0
268,65,0
268,66,0
268,67,101
268,68,101
268,69,101
268,70,101
268,71,101
268,72,101
268,73,101
268,74,101
268,75,101
268,76,101
268,77,101
268,78,101
268,79,101
268,80,101
268,81,101
268,82,101
268,83,101
268,84,101
268,85,101
268,86,101
268,87,101
268,88,101
268,89,101
268,90,101
268,91,101
268,92,101
268,93,101
268,94,101
268,95,101
268,96,101
268,97,101
268,98,101
268,99,101
268,100,101
268,101,101
268,102,101
268,103,101
268,104,101
268,105,101
268,106,101
268,107,101
268,108,101
268,109,101
268,110,101
268,111,101
268,112,101
268,113,101
268,114,101
268,115,101
268,116,101
268,117,101
268,118,101
268,119,101
268,120,101
268,121,101
268,122,101
268,123,101
268,124,101
268,125,101
268,126,101
268,127,101
268,128,101
268,129,101
268,130,101
268,131,101
268,132,101
284,0,0
284,1,0
284,2,0
284,3,0
284,4,0
284,5,0
284,6,0
284,7,0
284,8,0
284,9,0
284,10,0
284,11,0
284,12,0
284,13,0
284,14,0
284,15,0
284,16,0
284,17,0
284,18,0
284,19,0
284,20,0
284,21,0
284,22,0
284,23,0
284,24,0
284,25,0
284,26,0
284,27,0
284,28,0
284,29,0
284,30,0
284,31,0
284,32,0
284,33,0
284,34,0
284,35,0
284,36,0
284,37,0
284,38,0
284,39,0
284,40,0
284,41,0
284,42,0
284,43,0
284,44,0
284,45,0
284,46,0
284,47,0
284,48,0
284,49,0
284,50,0
284,51,101
284,52,101
284,53,101
284,54,101
284,55,101
284,56,101
284,57,101
284,58,101
284,59,101
284,60,101
284,61,101
284,62,101
284,63,101
284,64,101
284,65,101
284,66,101
284,67,101
284,68,101
284,69,101
284,70,101
284,71,101
284,72,101
284,73,101
284,74,101
284,75,101
284,76,101
284,77,101
284,78,101
284,79,101
284,80,101
284,81,101
284,82,101
284,83,101
284,84,101
284,85,101
284,86,101
284,87,101
284,88,101
284,89,101
284,90,101
284,91,101
284,92,101
284,93,101
284,94,101
387,0,0
387,1,0
387,2,0
387,3,0
387,4,0
387,5,0
387,6,0
387,7,0
387,8,0
387,9,0
387,10,0
387,11,0
387,12,0
387,13,0
387,14,0
387,15,0
387,16,0
387,17,0
387,18,0
387,19,0
387,20,0
387,21,0
387,22,0
387,23,0
387,24,0
387,25,0
387,26,0
387,27,0
387,28,0
387,29,0
387,30,0
387,31,0
387,32,0
387,33,0
387,34,0
387,35,303
387,36,303
387,37,303
387,38,303
387,39,303
387,40,303
387,41,303
387,42,303
387,43,303
387,44,303
387,45,303
387,46,303
387,47,303
387,48,303
387,49,303
387,50,303
387,51,303
387,52,303
387,53,303
387,54,303
387,55,303
387,56,303
387,57,303
387,58,303
387,59,303
387,60,303
387,61,303
387,62,303
387,63,303
387,64,303
387,65,303
387,66,303
387,67,303
387,68,303
387,69,303
387,70,303
389,0,0
389,1,0
389,2,0
389,3,0
389,4,0
389,5,0
389,6,0
389,7,0
389,8,0
389,9,0
389,10,0
389,11,0
389,12,0
389,13,0
389,14,0
389,15,0
389,16,0
389,17,0
389,18,0
389,19,0
389,20,0
389,21,0
389,22,0
389,23,0
389,24,0
389,25,0
389,26,0
389,27,0
389,28,0
389,29,0
389,30,0
389,31,0
389,32,0
389,33,0
389,34,0
389,35,0
389,36,0
389,37,0
389,38,0
389,39,0
389,40,0
389,41,0
389,42,0
389,43,0
389,44,0
389,45,0
389,46,0
389,47,303
389,48,303
389,49,303
389,50,303
389,51,303
389,52,303
389,53,303
389,54,303
389,55,303
389,56,303
389,57,303
393,0,0
393,1,0
393,2,0
393,3,0
393,4,0
393,5,0
393,6,0
393,7,0
393,8,0
393,9,0
393,10,0
393,11,0
393,12,0
393,13,0
393,14,0
393,15,0
393,16,0
393,17,0
393,18,0
393,19,0
393,20,0
393,21,0
393,22,0
393,23,0
393,24,0
393,25,0
393,26,0
393,27,0
393,28,0
393,29,0
393,30,0
393,31,0
393,32,0
393,33,0
393,34,0
393,35,0
393,36,0
393,37,0
393,38,0
393,39,0
393,40,0
393,41,0
393,42,0
393,43,0
393,44,0
393,45,0
393,46,0
404,0,0
404,1,0
404,2,0
404,3,0
404,4,0
404,5,0
404,6,0
404,7,0
404,8,0
404,9,0
404,10,0
404,11,0
404,12,0
404,13,0
404,14,0
404,15,0
404,16,0
404,17,0
404,18,0
404,19,0
404,20,0
404,21,0
404,22,0
404,23,0
404,24,0
404,25,0
404,26,0
404,27,0
404,28,0
404,29,0
404,30,0
404,31,0
404,32,0
404,33,0
404,34,0
404,35,0
404,36,0
404,37,0
404,38,0
404,39,0
404,40,0
404,41,0
404,42,0
404,43,0
404,44,0
404,45,0
404,46,0
404,47,0
404,48,0
404,49,0
404,50,0
404,51,0
404,52,0
404,53,0
404,54,0
404,55,0
404,56,0
404,57,0
404,58,303
404,59,303
404,60,303
404,61,303
404,62,303
404,63,303
404,64,303
404,65,303
404,66,303
404,67,303
404,68,303
404,69,303
404,70,303
404,71,303
404,72,303
404,73,303
404,74,303
404,75,303
404,76,303
404,77,303
404,78,303
404,79,303
404,80,303
404,81,303
404,82,303
404,83,303
404,84,303
416,0,0
416,1,0
416,2,0
416,3,0
416,4,0
416,5,0
416,6,0
416,7,0
416,8,0
416,9,0
416,10,0
416,11,0
416,12,0
416,13,0
416,14,0
416,15,0
416,16,0
416,17,0
416,18,0
416,19,0
416,20,0
416,21,0
416,22,0
416,23,0
416,24,0
416,25,0
416,26,0
416,27,0
416,28,0
416,29,0
416,30,0
416,31,0
416,32,0
416,33,0
416,34,0
416,35,0
416,36,0
416,37,0
416,38,0
416,39,0
416,40,0
416,41,0
416,42,0
416,43,303
416,44,303
416,45,303
416,46,303
416,47,303
416,48,303
416,49,303
416,50,303
416,51,303
416,52,303
416,53,303
416,54,303
416,55,303
416,56,303
416,57,303
416,58,303
416,59,303
416,60,303
416,61,303
416,62,303
416,63,303
416,64,303
420,0,0
420,1,0
420,2,0
420,3,0
420,4,0
420,5,0
420,6,0
420,7,0
420,8,0
420,9,0
420,10,0
420,11,0
420,12,0
420,13,0
420,14,0
420,15,0
420,16,0
420,17,0
420,18,0
420,19,0
420,20,0
420,21,0
420,22,0
420,23,0
420,24,0
420,25,0
420,26,0
420,27,0
420,28,0
420,29,0
420,30,0
420,31,0
420,32,0
420,33,0
420,34,0
420,35,0
420,36,0
420,37,0
420,38,0
420,39,0
420,40,0
420,41,0
420,42,0
420,43,0
420,44,0
420,45,0
420,46,0
420,47,0
420,48,0
420,49,0
436,0,0
436,1,0
436,2,0
436,3,0
436,4,0
436,5,0
436,6,0
436,7,0
436,8,0
436,9,0
436,10,0
436,11,0
436,12,0
436,13,0
436,14,0
436,15,0
436,16,0
436,17,0
436,18,0
436,19,0
436,20,0
436,21,0
436,22,0
436,23,0
436,24,0
436,25,0
436,26,0
436,27,0
436,28,0
436,29,0
436,30,0
436,31,0
436,32,0
436,33,0
436,34,0
436,35,0
436,36,0
436,37,0
436,38,0
436,39,0
436,40,303
436,41,303
436,42,303
436,43,303
436,44,303
436,45,303
436,46,303
436,47,303
436,48,303
436,49,303
436,50,303
436,51,303
436,52,303
436,53,303
436,54,303
436,55,303
436,56,303
436,57,303
448,0,0
448,1,0
448,2,0
448,3,0
448,4,0
448,5,0
448,6,0
448,7,0
448,8,0
448,9,0
448,10,0
448,11,0
448,12,0
448,13,0
448,14,0
448,15,0
448,16,0
448,17,0
448,18,0
448,19,0
448,20,0
448,21,0
448,22,0
448,23,0
448,24,0
448,25,0
448,26,0
448,27,0
448,28,0
448,29,0
448,30,0
448,31,0
448,32,0
448,33,0
448,34,0
448,35,0
448,36,0
448,37,0
448,38,0
448,39,303
448,40,303
448,41,303
448,42,303
448,43,303
448,44,303
448,45,303
448,46,303
448,47,303
448,48,303
448,49,303
448,50,303
448,51,303
448,52,303
448,53,303
448,54,303
448,55,303
448,56,303
448,57,303
448,58,303
448,59,303
448,60,303
448,61,303
448,62,303
448,63,303
448,64,303
448,65,303
448,66,303
448,67,303
448,68,303
448,69,303
448,70,303
448,71,303
448,72,303
448,73,303
448,74,303
448,75,303
448,76,303
448,77,303
448,78,303
448,79,303
448,80,303
448,81,303
448,82,303
448,83,303
448,84,303
448,85,303
448,86,303
448,87,303
449,0,0
449,1,0
449,2,0
449,3,0
449,4,0
449,5,0
449,6,0
449,7,0
449,8,0
449,9,0
449,10,0
449,11,0
449,12,0
449,13,0
449,14,0
449,15,0
449,16,0
449,17,0
449,18,0
449,19,0
449,20,0
449,21,0
449,22,0
449,23,0
449,24,0
449,25,0
449,26,0
449,27,0
449,28,0
449,29,0
449,30,0
449,31,0
449,32,0
449,33,0
449,34,0
449,35,0
449,36,0
449,37,0
449,38,0
449,39,0
449,40,0
449,41,0
449,42,0
449,43,0
449,44,0
449,45,0
449,46,0
449,47,0
449,48,0
449,49,0
449,50,0
449,51,0
449,52,0
449,53,0
449,54,0
449,55,0
449,56,0
449,57,0
449,58,0
449,59,0
449,60,0
449,61,0
449,62,0
449,63,0
449,64,0
449,65,0